<applications><application guid="{dece1597-67c4-43f4-8f59-e96042480f87}" enable="True"><Name>Notepad++ 7.8.6</Name><CreatedTime>4/29/2020 7:17:28 PM</CreatedTime><CreatedBy>CORP\mark.hooks</CreatedBy><LastModifiedTime>5/4/2020 10:44:13 PM</LastModifiedTime><LastModifiedBy>CORP\mark.hooks</LastModifiedBy><ShortName>Notepad++</ShortName><Version>7.8.6</Version><Publisher></Publisher><Language></Language><Source>.\Applications\Notepad++</Source><CommandLine>npp_Installer.exe /S</CommandLine><WorkingDirectory>.\Applications\Notepad++</WorkingDirectory><Reboot>False</Reboot></application><application guid="{c0f0bacb-1faf-4aec-9782-28105c641484}" enable="True"><Name>Microsoft Edge 81.0.416.68</Name><CreatedTime>5/1/2020 5:48:50 PM</CreatedTime><CreatedBy>CORP\mark.hooks</CreatedBy><LastModifiedTime>5/1/2020 5:48:50 PM</LastModifiedTime><LastModifiedBy>CORP\mark.hooks</LastModifiedBy><ShortName>Edge</ShortName><Version>81.0.416.68</Version><Publisher>Microsoft</Publisher><Language></Language><Source>.\Applications\Microsoft Edge</Source><CommandLine>msiexec /i MicrosoftEdgeEnterpriseX64.msi /quiet</CommandLine><WorkingDirectory>.\Applications\Microsoft Edge</WorkingDirectory></application><application guid="{14918614-4099-4e77-a4b9-2ebbf6f4ec2f}" enable="True"><Name>Microsoft FSLogix 2.9.7349.30108</Name><CreatedTime>5/1/2020 6:30:30 PM</CreatedTime><CreatedBy>CORP\mark.hooks</CreatedBy><LastModifiedTime>5/1/2020 6:30:30 PM</LastModifiedTime><LastModifiedBy>CORP\mark.hooks</LastModifiedBy><ShortName>FSLogix</ShortName><Version>2.9.7349.30108</Version><Publisher>Microsoft</Publisher><Language></Language><Source>.\Applications\Microsoft FSLogix</Source><CommandLine>.\x64\Release\FSLogixAppsSetup.exe /install /quiet</CommandLine><WorkingDirectory>.\Applications\Microsoft FSLogix</WorkingDirectory></application><application guid="{f23c9205-5324-4895-900f-7fda53113530}" enable="True"><Name>Microsoft Office365</Name><CreatedTime>5/1/2020 6:33:50 PM</CreatedTime><CreatedBy>CORP\mark.hooks</CreatedBy><LastModifiedTime>5/1/2020 6:33:50 PM</LastModifiedTime><LastModifiedBy>CORP\mark.hooks</LastModifiedBy><ShortName>Office365</ShortName><Version></Version><Publisher>Microsoft</Publisher><Language></Language><Source>.\Applications\Microsoft Office365</Source><CommandLine>Setup.exe /configure configuration.xml</CommandLine><WorkingDirectory>.\Applications\Microsoft Office365</WorkingDirectory></application><application guid="{6a524f45-72ff-40e8-81a3-e35adbf1de1d}" enable="True"><Name>Microsoft OneDrive</Name><CreatedTime>5/1/2020 6:46:29 PM</CreatedTime><CreatedBy>CORP\mark.hooks</CreatedBy><LastModifiedTime>5/1/2020 6:46:29 PM</LastModifiedTime><LastModifiedBy>CORP\mark.hooks</LastModifiedBy><ShortName>OneDrive</ShortName><Version></Version><Publisher>Microsoft</Publisher><Language></Language><Source>.\Applications\Microsoft OneDrive</Source><CommandLine>OneDriveSetup.exe /silent /allusers</CommandLine><WorkingDirectory>.\Applications\Microsoft OneDrive</WorkingDirectory></application><application guid="{d285f594-7a9f-461a-aac5-17f65780d252}" enable="True"><Name>Sepago</Name><CreatedTime>5/1/2020 6:47:47 PM</CreatedTime><CreatedBy>CORP\mark.hooks</CreatedBy><LastModifiedTime>5/1/2020 7:15:38 PM</LastModifiedTime><LastModifiedBy>CORP\mark.hooks</LastModifiedBy><ShortName>Sepago</ShortName><Version></Version><Publisher></Publisher><Language></Language><Source>.\Applications\Sepago</Source><CommandLine>powershell.exe -ExecutionPolicy Bypass .\sepago.ps1</CommandLine><WorkingDirectory>.\Applications\Sepago</WorkingDirectory><Reboot>False</Reboot></application><application guid="{edf235bc-434a-4bd9-bc16-e21fb692175a}" enable="True"><Name>Hooksies Theme 1.0</Name><CreatedTime>5/1/2020 8:14:16 PM</CreatedTime><CreatedBy>CORP\mark.hooks</CreatedBy><LastModifiedTime>5/1/2020 8:15:37 PM</LastModifiedTime><LastModifiedBy>CORP\mark.hooks</LastModifiedBy><ShortName>Theme</ShortName><Version>1.0</Version><Publisher>Hooksies</Publisher><Language></Language><Source>.\Applications\Hooksies Theme</Source><CommandLine>powershell.exe -ExecutionPolicy Bypass .\Apply_Hooksies_Theme.ps1</CommandLine><WorkingDirectory>.\Applications\Hooksies Theme</WorkingDirectory><Reboot>False</Reboot></application><application guid="{2dd447dc-2d09-4848-8caf-33e340b8d380}" enable="True"><Name>Microsoft BGInfo</Name><CreatedTime>5/1/2020 8:47:01 PM</CreatedTime><CreatedBy>CORP\mark.hooks</CreatedBy><LastModifiedTime>5/1/2020 8:47:01 PM</LastModifiedTime><LastModifiedBy>CORP\mark.hooks</LastModifiedBy><ShortName>BGInfo</ShortName><Version></Version><Publisher>Microsoft</Publisher><Language></Language><Source>.\Applications\Microsoft BGInfo</Source><CommandLine>powershell.exe -ExecutionPolicy Bypass .\bginfo_install.ps1</CommandLine><WorkingDirectory>.\Applications\Microsoft BGInfo</WorkingDirectory></application><application guid="{52f9e881-7830-43a2-b0f9-4b62bfc5c2f0}" enable="True"><Name>Unattend</Name><CreatedTime>5/1/2020 9:08:39 PM</CreatedTime><CreatedBy>CORP\mark.hooks</CreatedBy><LastModifiedTime>5/1/2020 9:17:42 PM</LastModifiedTime><LastModifiedBy>CORP\mark.hooks</LastModifiedBy><ShortName>Unattend</ShortName><Version></Version><Publisher></Publisher><Language></Language><Source>.\Applications\Unattend</Source><CommandLine>cmd.exe /c "copy .\unattend.xml c:\windows\panther\unattend.xml /Y"</CommandLine><WorkingDirectory>.\Applications\Unattend</WorkingDirectory><Reboot>False</Reboot></application></applications>