<groups><group guid="{00000000-0000-0000-0000-000000000000}" enable="True"><Name>default</Name><Comments>default folder (root)</Comments><LastModifiedTime>5/1/2020 9:08:39 PM</LastModifiedTime><LastModifiedBy>CORP\mark.hooks</LastModifiedBy><Member>{edf235bc-434a-4bd9-bc16-e21fb692175a}</Member><Member>{2dd447dc-2d09-4848-8caf-33e340b8d380}</Member><Member>{c0f0bacb-1faf-4aec-9782-28105c641484}</Member><Member>{14918614-4099-4e77-a4b9-2ebbf6f4ec2f}</Member><Member>{f23c9205-5324-4895-900f-7fda53113530}</Member><Member>{6a524f45-72ff-40e8-81a3-e35adbf1de1d}</Member><Member>{dece1597-67c4-43f4-8f59-e96042480f87}</Member><Member>{d285f594-7a9f-461a-aac5-17f65780d252}</Member><Member>{52f9e881-7830-43a2-b0f9-4b62bfc5c2f0}</Member></group><group guid="{FFFFFFFF-FFFF-FFFF-FFFF-FFFFFFFFFFFF}" enable="True"><Name>hidden</Name><Comments>This folder contains shared source items that have not been made explicitly visible in this deployment share.</Comments></group></groups>