<selectionProfiles><selectionProfile guid="{c6e16269-cf47-4897-a82d-490634910436}" enable="True"><Name>Everything</Name><Comments>All folders should be included.</Comments><ReadOnly>True</ReadOnly><Definition>&lt;SelectionProfile&gt;&lt;Include path="Applications" /&gt;&lt;Include path="Operating Systems" /&gt;&lt;Include path="Out-of-Box Drivers" /&gt;&lt;Include path="Packages" /&gt;&lt;Include path="Task Sequences" /&gt;&lt;/SelectionProfile&gt;</Definition></selectionProfile><selectionProfile guid="{f8ab0b9d-9bab-4b7c-983f-4ca2c471716c}" enable="True"><Name>All Drivers</Name><Comments>Include all driver folders.</Comments><ReadOnly>True</ReadOnly><Definition>&lt;SelectionProfile&gt;&lt;Include path="Out-of-Box Drivers" /&gt;&lt;/SelectionProfile&gt;</Definition></selectionProfile><selectionProfile guid="{4fedadad-4037-4571-b5d4-5fe2c44b3a4f}" enable="True"><Name>All Drivers and Packages</Name><Comments>Include all driver folders and all packages folders.</Comments><ReadOnly>True</ReadOnly><Definition>&lt;SelectionProfile&gt;&lt;Include path="Out-of-Box Drivers" /&gt;&lt;Include path="Packages" /&gt;&lt;/SelectionProfile&gt;</Definition></selectionProfile><selectionProfile guid="{88e2de35-1871-488c-ba98-634fdaef0583}" enable="True"><Name>All Packages</Name><Comments>Include all packages folders.</Comments><ReadOnly>True</ReadOnly><Definition>&lt;SelectionProfile&gt;&lt;Include path="Packages" /&gt;&lt;/SelectionProfile&gt;</Definition></selectionProfile><selectionProfile guid="{f3bf1705-90d3-40f1-bc16-44f2861b6336}" enable="True"><Name>Nothing</Name><Comments>Exclude all folders.</Comments><ReadOnly>True</ReadOnly><Definition>&lt;SelectionProfile&gt;&lt;/SelectionProfile&gt;</Definition></selectionProfile><selectionProfile guid="{b06fb6fd-d863-4ca7-8d3b-0d9939af643c}" enable="True"><Name>Sample</Name><Comments></Comments><ReadOnly>False</ReadOnly><Definition>&lt;SelectionProfile&gt;&lt;Include path="Applications\Redmond" /&gt;&lt;Exclude path="Applications\Redmond\Accounting" /&gt;&lt;Include path="Applications\Redmond\Accounting\Payables" /&gt;&lt;Include path="Operating Systems\x86" /&gt;&lt;Include path="Packages" /&gt;&lt;Include path="Task Sequences" /&gt;&lt;/SelectionProfile&gt;</Definition></selectionProfile></selectionProfiles>