<groups><group guid="{00000000-0000-0000-0000-000000000000}" enable="True"><Name>default</Name><Comments>default folder (root)</Comments><LastModifiedTime>4/29/2020 7:18:30 PM</LastModifiedTime><LastModifiedBy>CORP\mark.hooks</LastModifiedBy><Member>{f88b6ff1-55b1-4d77-86f7-7ad3297d4ac6}</Member></group><group guid="{FFFFFFFF-FFFF-FFFF-FFFF-FFFFFFFFFFFF}" enable="True"><Name>hidden</Name><Comments>This folder contains shared source items that have not been made explicitly visible in this deployment share.</Comments></group></groups>