<groups>
  <group guid="{00000000-0000-0000-0000-000000000000}" enable="True">
    <Name>default</Name>
    <Comments>default folder (root)</Comments>
    <LastModifiedTime>5/1/2020 5:48:50 PM</LastModifiedTime>
    <LastModifiedBy>CORP\mark.hooks</LastModifiedBy>
    <Member>{c0f0bacb-1faf-4aec-9782-28105c641484}</Member>
    <Member>{dece1597-67c4-43f4-8f59-e96042480f87}</Member>
  </group>
  <group guid="{FFFFFFFF-FFFF-FFFF-FFFF-FFFFFFFFFFFF}" enable="True">
    <Name>hidden</Name>
    <Comments>This folder contains shared source items that have not been made explicitly visible in this deployment share.</Comments>
  </group>
</groups>