<applications>
  <application guid="{dece1597-67c4-43f4-8f59-e96042480f87}" enable="True">
    <Name>Notepad++ 7.8.6</Name>
    <CreatedTime>4/29/2020 7:17:28 PM</CreatedTime>
    <CreatedBy>CORP\mark.hooks</CreatedBy>
    <LastModifiedTime>4/29/2020 7:39:42 PM</LastModifiedTime>
    <LastModifiedBy>CORP\mark.hooks</LastModifiedBy>
    <ShortName>Notepad++</ShortName>
    <Version>7.8.6</Version>
    <Publisher>
    </Publisher>
    <Language>
    </Language>
    <Source>.\Applications\Notepad++</Source>
    <CommandLine>npp.7.8.6.Installer.exe /S</CommandLine>
    <WorkingDirectory>.\Applications\Notepad++</WorkingDirectory>
    <Reboot>False</Reboot>
  </application>
  <application guid="{c0f0bacb-1faf-4aec-9782-28105c641484}" enable="True">
    <Name>Microsoft Edge 81.0.416.68</Name>
    <CreatedTime>5/1/2020 5:48:50 PM</CreatedTime>
    <CreatedBy>CORP\mark.hooks</CreatedBy>
    <LastModifiedTime>5/1/2020 5:48:50 PM</LastModifiedTime>
    <LastModifiedBy>CORP\mark.hooks</LastModifiedBy>
    <ShortName>Edge</ShortName>
    <Version>81.0.416.68</Version>
    <Publisher>Microsoft</Publisher>
    <Language>
    </Language>
    <Source>.\Applications\Microsoft Edge</Source>
    <CommandLine>msiexec /i MicrosoftEdgeEnterpriseX64.msi /quiet</CommandLine>
    <WorkingDirectory>.\Applications\Microsoft Edge</WorkingDirectory>
  </application>
</applications>