<medias>
  <media guid="{d562cabe-5625-4cc3-bcc2-081dfa29e6c1}" enable="True">
    <Name>MEDIA001</Name>
    <Comments>
    </Comments>
    <CreatedTime>5/1/2020 6:09:52 PM</CreatedTime>
    <CreatedBy>CORP\mark.hooks</CreatedBy>
    <LastModifiedTime>5/1/2020 6:09:52 PM</LastModifiedTime>
    <LastModifiedBy>CORP\mark.hooks</LastModifiedBy>
    <Root>C:\Users\mark.hooks\Desktop</Root>
    <SelectionProfile>Everything</SelectionProfile>
    <SupportX86>True</SupportX86>
    <SupportX64>True</SupportX64>
    <GenerateISO>True</GenerateISO>
    <ISOName>LiteTouchMedia.iso</ISOName>
  </media>
</medias>