<groups>
  <group guid="{00000000-0000-0000-0000-000000000000}" enable="True">
    <Name>default</Name>
    <Comments>default folder (root)</Comments>
    <LastModifiedTime>5/1/2020 6:09:52 PM</LastModifiedTime>
    <LastModifiedBy>CORP\mark.hooks</LastModifiedBy>
    <Member>{d562cabe-5625-4cc3-bcc2-081dfa29e6c1}</Member>
  </group>
  <group guid="{FFFFFFFF-FFFF-FFFF-FFFF-FFFFFFFFFFFF}" enable="True">
    <Name>hidden</Name>
    <Comments>This folder contains shared source items that have not been made explicitly visible in this deployment share.</Comments>
  </group>
</groups>