<selectionProfilegroups>
  <group guid="{00000000-0000-0000-0000-000000000000}" enable="True">
    <Name>default</Name>
    <Comments>default folder (root)</Comments>
    <Member>{c6e16269-cf47-4897-a82d-490634910436}</Member>
    <Member>{f8ab0b9d-9bab-4b7c-983f-4ca2c471716c}</Member>
    <Member>{4fedadad-4037-4571-b5d4-5fe2c44b3a4f}</Member>
    <Member>{88e2de35-1871-488c-ba98-634fdaef0583}</Member>
    <Member>{f3bf1705-90d3-40f1-bc16-44f2861b6336}</Member>
    <Member>{b06fb6fd-d863-4ca7-8d3b-0d9939af643c}</Member>
  </group>
</selectionProfilegroups>