<?xml version="1.0"?>
<sequence version="3.00" name="Post OS Installation Task Sequence" description="A task sequence for configuring an Operating System after install">
  <group name="State Restore" disable="false" continueOnError="false" description="" expand="true">
    <step type="BDD_Gather" name="Gather local only" disable="false" continueOnError="false" successCodeList="0 3010" description="" startIn="">
      <defaultVarList>
        <variable name="GatherLocalOnly" property="GatherLocalOnly">true</variable>
        <variable name="RulesFile" property="RulesFile"></variable>
      </defaultVarList>
      <action>cscript.exe "%SCRIPTROOT%\ZTIGather.wsf"</action>
    </step>
    <step name="Tattoo" disable="false" continueOnError="true" successCodeList="0 3010" description="" startIn="">
      <action>cscript.exe "%SCRIPTROOT%\ZTITatoo.wsf"</action>
      <defaultVarList>
        <variable name="RunAsUser" property="RunAsUser">false</variable>
        <variable name="SMSTSRunCommandLineUserName" property="SMSTSRunCommandLineUserName"></variable>
        <variable name="SMSTSRunCommandLineUserPassword" property="SMSTSRunCommandLineUserPassword"></variable>
        <variable name="LoadProfile" property="LoadProfile">false</variable>
      </defaultVarList>
    </step>
    <step type="BDD_RunPowerShellAction" name="Run Evergreen" description="Download the latest binaries for MS FSLogix, OneDrive, Notepad++ and Microsoft Edge Chromium" disable="false" continueOnError="false" successCodeList="0 3010">
      <defaultVarList>
        <variable name="ScriptName" property="ScriptName">%scriptroot%\WVDEvergreen.ps1</variable>
        <variable name="Parameters" property="Parameters"></variable>
        <variable name="PackageID" property="PackageID"></variable>
      </defaultVarList>
      <action>cscript.exe "%SCRIPTROOT%\ZTIPowerShell.wsf</action>
    </step>
    <group expand="true" name="Languages" description="" disable="false" continueOnError="false">
      <action />
      <step type="BDD_RunPowerShellAction" name="Map Network Drive" description="Maps network drive to \\languagepacks.file.core.windows.net\languagepacks" disable="false" continueOnError="false" successCodeList="0 3010">
        <defaultVarList>
          <variable name="ScriptName" property="ScriptName">%scriptroot%\mapnetworkdrive.ps1</variable>
          <variable name="Parameters" property="Parameters"></variable>
          <variable name="PackageID" property="PackageID"></variable>
        </defaultVarList>
        <action>cscript.exe "%SCRIPTROOT%\ZTIPowerShell.wsf</action>
      </step>
      <step type="BDD_RunPowerShellAction" name="Install Languages" description="" disable="false" continueOnError="false" successCodeList="0 3010">
        <defaultVarList>
          <variable name="ScriptName" property="ScriptName">%scriptroot%\Install-LanguagePack.ps1</variable>
          <variable name="Parameters" property="Parameters">-LanguageCode en-gb -PathToLocalExperience x:\ -PathtoFeaturesOnDemand x:\Win10FOD -LPtoFODFile x:\Windows-10-1809-FOD-to-LP-Mapping-Table.csv</variable>
          <variable name="PackageID" property="PackageID"></variable>
        </defaultVarList>
        <action>cscript.exe "%SCRIPTROOT%\ZTIPowerShell.wsf</action>
      </step>
    </group>
    <step type="BDD_InstallApplication" name="Apply Hooksies Desktop Theme" description="" disable="false" continueOnError="false" runIn="WinPEandFullOS" successCodeList="0 3010">
      <defaultVarList>
        <variable name="ApplicationGUID" property="ApplicationGUID">{edf235bc-434a-4bd9-bc16-e21fb692175a}</variable>
        <variable name="ApplicationSuccessCodes" property="ApplicationSuccessCodes">0 3010</variable>
      </defaultVarList>
      <action>cscript.exe "%SCRIPTROOT%\ZTIApplications.wsf"</action>
    </step>
    <step type="BDD_RunPowerShellAction" name="Run WVD Image Optimizations" description="" disable="false" continueOnError="false" successCodeList="0 3010">
      <defaultVarList>
        <variable name="ScriptName" property="ScriptName">%scriptroot%\WVDImage_Optimizations.ps1</variable>
        <variable name="Parameters" property="Parameters"></variable>
        <variable name="PackageID" property="PackageID"></variable>
      </defaultVarList>
      <action>cscript.exe "%SCRIPTROOT%\ZTIPowerShell.wsf</action>
    </step>
    <step type="BDD_RunPowerShellAction" name="Run FSLogix Settings" description="" disable="false" continueOnError="false" successCodeList="0 3010">
      <defaultVarList>
        <variable name="ScriptName" property="ScriptName">%DEPLOYROOT%\applications\Microsoft FSLogix\FSLogix_Customization.ps1</variable>
        <variable name="Parameters" property="Parameters"></variable>
        <variable name="PackageID" property="PackageID"></variable>
      </defaultVarList>
      <action>cscript.exe "%SCRIPTROOT%\ZTIPowerShell.wsf</action>
    </step>
    <step type="BDD_RunPowerShellAction" name="Uninstall OneDrive Per Machine" description="" disable="false" continueOnError="false" successCodeList="0 3010">
      <defaultVarList>
        <variable name="ScriptName" property="ScriptName">%DEPLOYROOT%\applications\Microsoft OneDrive\Uninstall_OneDrive.ps1</variable>
        <variable name="Parameters" property="Parameters"></variable>
        <variable name="PackageID" property="PackageID"></variable>
      </defaultVarList>
      <action>cscript.exe "%SCRIPTROOT%\ZTIPowerShell.wsf</action>
    </step>
    <group name="WVD_IMAGE_APPLICATIONS" disable="false" continueOnError="false" expand="true" description="">
      <step type="BDD_InstallApplication" name="Install Microsoft Edge (Chromium)" description="" disable="false" continueOnError="false" runIn="WinPEandFullOS" successCodeList="0 3010">
        <defaultVarList>
          <variable name="ApplicationGUID" property="ApplicationGUID">{c0f0bacb-1faf-4aec-9782-28105c641484}</variable>
          <variable name="ApplicationSuccessCodes" property="ApplicationSuccessCodes">0 3010</variable>
        </defaultVarList>
        <action>cscript.exe "%SCRIPTROOT%\ZTIApplications.wsf"</action>
      </step>
      <step type="BDD_InstallApplication" name="Install Notepad++" description="" disable="false" continueOnError="false" runIn="WinPEandFullOS" successCodeList="0 3010">
        <defaultVarList>
          <variable name="ApplicationGUID" property="ApplicationGUID">{dece1597-67c4-43f4-8f59-e96042480f87}</variable>
          <variable name="ApplicationSuccessCodes" property="ApplicationSuccessCodes">0 3010</variable>
        </defaultVarList>
        <action>cscript.exe "%SCRIPTROOT%\ZTIApplications.wsf"</action>
      </step>
      <step type="BDD_InstallApplication" name="Install FSLogix Agent" description="" disable="false" continueOnError="false" runIn="WinPEandFullOS" successCodeList="0 3010">
        <defaultVarList>
          <variable name="ApplicationGUID" property="ApplicationGUID">{14918614-4099-4e77-a4b9-2ebbf6f4ec2f}</variable>
          <variable name="ApplicationSuccessCodes" property="ApplicationSuccessCodes">0 3010</variable>
        </defaultVarList>
        <action>cscript.exe "%SCRIPTROOT%\ZTIApplications.wsf"</action>
      </step>
      <step type="BDD_InstallApplication" name="Install Office365" description="" disable="false" continueOnError="false" runIn="WinPEandFullOS" successCodeList="0 3010">
        <defaultVarList>
          <variable name="ApplicationGUID" property="ApplicationGUID">{f23c9205-5324-4895-900f-7fda53113530}</variable>
          <variable name="ApplicationSuccessCodes" property="ApplicationSuccessCodes">0 3010</variable>
        </defaultVarList>
        <action>cscript.exe "%SCRIPTROOT%\ZTIApplications.wsf"</action>
      </step>
      <step type="BDD_InstallApplication" name="Install OneDrive (Per User Mode)" description="" disable="false" continueOnError="false" runIn="WinPEandFullOS" successCodeList="0 3010">
        <defaultVarList>
          <variable name="ApplicationGUID" property="ApplicationGUID">{6a524f45-72ff-40e8-81a3-e35adbf1de1d}</variable>
          <variable name="ApplicationSuccessCodes" property="ApplicationSuccessCodes">0 3010</variable>
        </defaultVarList>
        <action>cscript.exe "%SCRIPTROOT%\ZTIApplications.wsf"</action>
      </step>
      <step type="BDD_InstallApplication" name="Install Sepago Agent" description="" disable="false" continueOnError="false" runIn="WinPEandFullOS" successCodeList="0 3010">
        <defaultVarList>
          <variable name="ApplicationGUID" property="ApplicationGUID">{d285f594-7a9f-461a-aac5-17f65780d252}</variable>
          <variable name="ApplicationSuccessCodes" property="ApplicationSuccessCodes">0 3010</variable>
        </defaultVarList>
        <action>cscript.exe "%SCRIPTROOT%\ZTIApplications.wsf"</action>
      </step>
    </group>
    <step type="BDD_InstallApplication" name="Configure BGInfo" description="" disable="false" continueOnError="false" runIn="WinPEandFullOS" successCodeList="0 3010">
      <defaultVarList>
        <variable name="ApplicationGUID" property="ApplicationGUID">{2dd447dc-2d09-4848-8caf-33e340b8d380}</variable>
        <variable name="ApplicationSuccessCodes" property="ApplicationSuccessCodes">0 3010</variable>
      </defaultVarList>
      <action>cscript.exe "%SCRIPTROOT%\ZTIApplications.wsf"</action>
    </step>
    <step type="BDD_RunPowerShellAction" name="Run Office365 Settings" description="Configure Office for Multi-User" disable="false" continueOnError="false" successCodeList="0 3010">
      <defaultVarList>
        <variable name="ScriptName" property="ScriptName">%DEPLOYROOT%\applications\Microsoft Office365\Configure_Office365.ps1</variable>
        <variable name="Parameters" property="Parameters"></variable>
        <variable name="PackageID" property="PackageID" />
      </defaultVarList>
      <action>cscript.exe "%SCRIPTROOT%\ZTIPowerShell.wsf</action>
    </step>
    <step type="BDD_InstallApplication" name="Copy Unattend" description="Copy unattend file to C:\Windows\Panther" disable="false" continueOnError="false" runIn="WinPEandFullOS" successCodeList="0 3010">
      <defaultVarList>
        <variable name="ApplicationGUID" property="ApplicationGUID">{52f9e881-7830-43a2-b0f9-4b62bfc5c2f0}</variable>
        <variable name="ApplicationSuccessCodes" property="ApplicationSuccessCodes">0 3010</variable>
      </defaultVarList>
      <action>cscript.exe "%SCRIPTROOT%\ZTIApplications.wsf"</action>
    </step>
  </group>
</sequence>